Workbook

Sheet Lead Pipeline
A1: Lead ID | B1: Business Name | C1: Owner/Contact Name | D1: Phone | E1: Email | F1: Address | G1: City | H1: State | I1: ZIP | J1: Niche | K1: Website Status | L1: Google Rating | M1: Review Count | N1: Lead Source | O1: Date Added | P1: Demo Site URL | Q1: Demo Site Built? | R1: Outreach Status | S1: Last Contact Date | T1: Notes
A2: 101 | B2: Green Thumb Landscaping | C2: Mike Johnson | D2: 555-0121 | E2: mike@greenthumb.local | F2: 123 Oak St | G2: Denver | H2: CO | I2: 80202 | J2: Home Services | K2: No Website | L2: 4.8 | M2: 42 | N2: Outscraper | O2: 2026-03-20 | P2: https://demo-1.com | Q2: Y | R2: Email 1 Sent | S2: 2026-03-21 | T2: High-quality leads, responsive owner
A3: 102 | B3: Bright Smile Dental | C3: Dr. Sarah Chen | D3: 555-0122 | E3: info@brightsmile.local | F3: 456 Main Ave | G3: Boulder | H3: CO | I3: 80301 | J3: Health & Wellness | K3: Bad Website | L3: 4.9 | M3: 67 | N3: Manual | O3: 2026-03-21 | P3: https://demo-2.com | Q3: Y | R3: Replied - Warm | S3: 2026-03-23 | T3: Very interested, wants consultation
A4: 103 | B4: The Rusty Fork Restaurant | C4: James Martinez | D4: 555-0123 | E4: james@rustyfork.local | F4: 789 Commerce Rd | G4: Fort Collins | H4: CO | I4: 80524 | J4: Food & Drink | K4: 404 Error | L4: 4.6 | M4: 34 | N4: Outscraper | O4: 2026-03-22 | P4: https://demo-3.com | Q4: N | R4: Not Started | T4: Pending outreach

Sheet Dashboard
A1: LEAD PIPELINE DASHBOARD
A3: KEY METRICS
A4: Total Leads | B4: =COUNTA('Lead Pipeline'!A2:A101)
A5: Demo Sites Built | B5: =COUNTIF('Lead Pipeline'!Q2:Q101,"Y")
A6: Conversion Rate | B6: =IF(COUNTA('Lead Pipeline'!A2:A101)=0,0,COUNTIF('Lead Pipeline'!R2:R101,"Closed - Won")/COUNTA('Lead Pipeline'!A2:A101))
A7: Pipeline Value | B7: =COUNTIF('Lead Pipeline'!R2:R101,"Closed - Won")*997
A10: LEADS BY NICHE
A11: Home Services | B11: =COUNTIF('Lead Pipeline'!J2:J101,"Home Services")
A12: Personal Services | B12: =COUNTIF('Lead Pipeline'!J2:J101,"Personal Services")
A13: Food & Drink | B13: =COUNTIF('Lead Pipeline'!J2:J101,"Food & Drink")
A14: Health & Wellness | B14: =COUNTIF('Lead Pipeline'!J2:J101,"Health & Wellness")
A15: Auto | B15: =COUNTIF('Lead Pipeline'!J2:J101,"Auto")
A18: LEADS BY OUTREACH STATUS
A19: Not Started | B19: =COUNTIF('Lead Pipeline'!R2:R101,"Not Started")
A20: Email 1 Sent | B20: =COUNTIF('Lead Pipeline'!R2:R101,"Email 1 Sent")
A21: Email 2 Sent | B21: =COUNTIF('Lead Pipeline'!R2:R101,"Email 2 Sent")
A22: Email 3 Sent | B22: =COUNTIF('Lead Pipeline'!R2:R101,"Email 3 Sent")
A23: Email 4 Sent | B23: =COUNTIF('Lead Pipeline'!R2:R101,"Email 4 Sent")
A24: Email 5 Sent | B24: =COUNTIF('Lead Pipeline'!R2:R101,"Email 5 Sent")
A25: Replied - Warm | B25: =COUNTIF('Lead Pipeline'!R2:R101,"Replied - Warm")
A26: Replied - Not Interested | B26: =COUNTIF('Lead Pipeline'!R2:R101,"Replied - Not Interested")
A27: Closed - Won | B27: =COUNTIF('Lead Pipeline'!R2:R101,"Closed - Won")
A28: Closed - Lost | B28: =COUNTIF('Lead Pipeline'!R2:R101,"Closed - Lost")

Sheet Weekly Tracker
A1: Week Starting | B1: Leads Scraped | C1: Demo Sites Built | D1: Emails Sent | E1: Replies Received | F1: Reply Rate | G1: Calls Booked | H1: Clients Closed | I1: Revenue (Setup) | J1: MRR Added | K1: Total MRR | L1: Notes
F2: =IF(E2=0,0,D2/E2) | K2: =J2
F3: =IF(E3=0,0,D3/E3) | K3: =K2+J3
F4: =IF(E4=0,0,D4/E4) | K4: =K3+J4
F5: =IF(E5=0,0,D5/E5) | K5: =K4+J5
F6: =IF(E6=0,0,D6/E6) | K6: =K5+J6
F7: =IF(E7=0,0,D7/E7) | K7: =K6+J7
F8: =IF(E8=0,0,D8/E8) | K8: =K7+J8
F9: =IF(E9=0,0,D9/E9) | K9: =K8+J9
F10: =IF(E10=0,0,D10/E10) | K10: =K9+J10
F11: =IF(E11=0,0,D11/E11) | K11: =K10+J11
F12: =IF(E12=0,0,D12/E12) | K12: =K11+J12
F13: =IF(E13=0,0,D13/E13) | K13: =K12+J13

Sheet Settings
A1: SETTINGS & CONFIGURATION
A3: PRICING TIERS
A4: Tier | B4: Setup Fee | C4: Monthly Fee
A5: Tier 1 | B5: 997 | C5: 149
A6: Tier 2 | B6: 1997 | C6: 249
A7: Tier 3 | B7: 3497 | C7: 397
A10: NICHE LIST (for dropdowns)
A11: Home Services
A12: Personal Services
A13: Food & Drink
A14: Health & Wellness
A15: Auto
A18: OUTREACH STATUS OPTIONS (for dropdowns)
A19: Not Started
A20: Email 1 Sent
A21: Email 2 Sent
A22: Email 3 Sent
A23: Email 4 Sent
... A31: COLOR CODES
A32: Closed - Won | B32: C6EFCE
A33: Replied - Warm | B33: FFEB9C
A34: Closed - Lost | B34: FFC7CE
